<?xml version="1.0" encoding="UTF-8" standalone="yes"?>
<addon id="script.ftvguide" name="FTV Guide" version="2.0.18" provider-name="rayw1986, bluezed">
	<requires>
		<import addon="xbmc.python" version="2.1.0"/>
		<import addon="script.module.simplejson" version="2.0.10"/>
	</requires>
	<extension point="xbmc.python.script" library="addon.py" >
    	<extension point="xbmc.service" library="service.py" start="login"/>
	<provides>video</provides>
	</extension>
	<extension point="xbmc.addon.metadata">
		<summary lang="en">FTV Guide allows you to combine some of your favourite live TV plugins for use with a fully working EPG</summary>
		<description lang="en">FTV Guide allows you to combine some of your favourite live TV plugins for use with a fully working EPG</description>
		<disclaimer lang="en">FTV Guide is based on the original TV Guide addon by twinther.</disclaimer>
		<language></language>
		<platform>all</platform>
		<license>GPLv2</license>
	</extension>
</addon>
