{"overlays_v2":{"key_search":{"disabled":true},"key_search2":{"disabled":true},"key_privatebrowsing":{"disabled":true},"key_newNavigator":{"disabled":true},"key_showAllTabs":{"disabled":true},"key_nextTabGroup":{"disabled":true},"key_prevTabGroup":{"disabled":true},"key_tabview":{"disabled":true},"key_undoCloseTab":{"disabled":true},"key_undoCloseWindow":{"disabled":true},"bookmarkAllTabsKb":{"disabled":true},"viewBookmarksSidebarKb":{"disabled":true},"key_gotoHistory":{"disabled":true},"manBookmarkKb":{"disabled":true},"showAllHistoryKb":{"disabled":true},"viewBookmarksSidebarWinKb":{"disabled":true},"key_devToolbar":{"disabled":true},"key_jsdebugger":{"disabled":true},"key_browserConsole":{"disabled":true},"key_netmonitor":{"disabled":true},"key_responsiveUI":{"disabled":true},"key_devToolboxMenuItemF12":{"disabled":true},"key_webconsole":{"disabled":true},"key_webide":{"disabled":true},"key_browserToolbox":{"disabled":true},"focusChatBar":{"disabled":true},"key_devToolboxMenuItem":{"disabled":true},"ctraddon_key_toggleCtrAddonBar":{"disabled":true},"key_performance":{"disabled":true},"key_styleeditor":{"disabled":true},"key_openAddons":{"disabled":true},"key_sanitize":{"disabled":true},"clearrecenthistory_delete-key":{"disabled":true},"key_viewSource":{"disabled":true}},"overlays":[{"_type":"overlay","key":{"_type":"key","id":"key_search"},"shortcut":{"disabled":true}},{"_type":"overlay","key":{"_type":"key","id":"key_search2"},"shortcut":{"disabled":true}},{"_type":"overlay","key":{"_type":"key","id":"key_closeWindow"},"shortcut":{"disabled":true}},{"_type":"overlay","key":{"_type":"key","id":"key_closeOther"},"shortcut":{"disabled":true}},{"_type":"overlay","key":{"_type":"key","id":"key_newNavigator"},"shortcut":{"disabled":true}},{"_type":"overlay","key":{"_type":"key","id":"key_undoCloseTab"},"shortcut":{"disabled":true}},{"_type":"overlay","key":{"_type":"key","id":"key_undoCloseWindow"},"shortcut":{"disabled":true}},{"_type":"overlay","key":{"_type":"key","id":"addBookmarkAsKb"},"shortcut":{"disabled":true}},{"_type":"overlay","key":{"_type":"key","id":"viewBookmarksSidebarKb"},"shortcut":{"disabled":true}},{"_type":"overlay","key":{"_type":"key","id":"viewBookmarksSidebarWinKb"},"shortcut":{"disabled":true}},{"_type":"overlay","key":{"_type":"key","id":"manBookmarkKb"},"shortcut":{"disabled":true}},{"_type":"overlay","key":{"_type":"key","id":"bookmarkAllTabsKb"},"shortcut":{"disabled":true}},{"_type":"overlay","key":{"_type":"key","id":"key_gotoHistory"},"shortcut":{"disabled":true}},{"_type":"overlay","key":{"_type":"key","id":"showAllHistoryKb"},"shortcut":{"disabled":true}},{"_type":"overlay","key":{"_type":"key","id":"key_webide"},"shortcut":{"disabled":true}},{"_type":"overlay","key":{"_type":"key","id":"key_privatebrowsing"},"shortcut":{"disabled":true}},{"_type":"overlay","key":{"_type":"key","id":"key_webconsole"},"shortcut":{"disabled":true}},{"_type":"overlay","key":{"_type":"key","id":"key_jsdebugger"},"shortcut":{"disabled":true}},{"_type":"overlay","key":{"_type":"key","id":"key_inspector"},"shortcut":{"disabled":true}},{"_type":"overlay","key":{"_type":"key","id":"key_styleeditor"},"shortcut":{"disabled":true}},{"_type":"overlay","key":{"_type":"key","id":"key_responsiveUI"},"shortcut":{"disabled":true}},{"_type":"overlay","key":{"_type":"key","id":"key_devToolbar"},"shortcut":{"disabled":true}},{"_type":"overlay","key":{"_type":"key","id":"key_scratchpad"},"shortcut":{"disabled":true}},{"_type":"overlay","key":{"_type":"key","id":"key_performance"},"shortcut":{"disabled":true}},{"_type":"overlay","key":{"_type":"key","id":"key_netmonitor"},"shortcut":{"disabled":true}},{"_type":"overlay","key":{"_type":"key","id":"key_devToolboxMenuItemF12"},"shortcut":{"disabled":true}},{"_type":"overlay","key":{"_type":"key","id":"key_browserToolbox"},"shortcut":{"disabled":true}},{"_type":"overlay","key":{"_type":"key","id":"key_devToolboxMenuItem"},"shortcut":{"disabled":true}},{"_type":"overlay","key":{"_type":"key","id":"focusChatBar"},"shortcut":{"disabled":true}},{"_type":"overlay","key":{"_type":"key","id":"key_inspectPage"},"shortcut":{"disabled":true}},{"_type":"overlay","key":{"_type":"key","id":"ctraddon_key_toggleCtrAddonBar"},"shortcut":{"disabled":true}},{"_type":"overlay","key":{"_type":"key","id":"bprivacy.delete_key"},"shortcut":{"disabled":true}},{"_type":"overlay","key":{"_type":"key","id":"key_rtc"},"shortcut":{"disabled":true}}]}