{"version":1,"lastUserContextId":5,"identities":[{"userContextId":1,"public":true,"icon":"chrome://browser/skin/usercontext/personal.svg","color":"#00a7e0","l10nID":"userContextPersonal.label","accessKey":"userContextPersonal.accesskey","telemetryId":1},{"userContextId":2,"public":true,"icon":"chrome://browser/skin/usercontext/work.svg","color":"#f89c24","l10nID":"userContextWork.label","accessKey":"userContextWork.accesskey","telemetryId":2},{"userContextId":3,"public":true,"icon":"chrome://browser/skin/usercontext/banking.svg","color":"#7dc14c","l10nID":"userContextBanking.label","accessKey":"userContextBanking.accesskey","telemetryId":3},{"userContextId":4,"public":true,"icon":"chrome://browser/skin/usercontext/shopping.svg","color":"#ee5195","l10nID":"userContextShopping.label","accessKey":"userContextShopping.accesskey","telemetryId":4},{"userContextId":5,"public":false,"icon":"","color":"","name":"userContextIdInternal.thumbnail","accessKey":""}]}