{"directory": [{"bgColor": "", "directoryId": 1944, "enhancedImageURI": "https://tiles-cloudfront.cdn.mozilla.net/images/d11ba0b3095bb19d8092cd29be9cbb9e197671ea.28088.png", "imageURI": "https://tiles-cloudfront.cdn.mozilla.net/images/1332a68badf11e3f7f69bf7364e79c0a7e2753bc.5316.png", "title": "Mozilla Community", "type": "affiliate", "url": "http://contribute.mozilla.org/"}, {"bgColor": "", "directoryId": 6313, "enhancedImageURI": "https://tiles-cloudfront.cdn.mozilla.net/images/70fab7db9c8bc430f31e544aea33c5fae13ece72.11481.png", "imageURI": "https://tiles-cloudfront.cdn.mozilla.net/images/69ebc754e638db99e33c15aa0b9953c7382b130b.12429.png", "title": "Get Smart On Tracking", "type": "affiliate", "url": "https://www.mozilla.org/teach/smarton/tracking/?utm_source=directory-tiles&utm_medium=tiles&utm_content=SOTV1&utm_campaign=smarton"}, {"bgColor": "", "directoryId": 3943, "enhancedImageURI": "https://tiles-cloudfront.cdn.mozilla.net/images/19c786b6d86565caa31dc1762558a1bbe61f1b8a.6444.png", "imageURI": "https://tiles-cloudfront.cdn.mozilla.net/images/79bb52440711eb55465206148514019faf722e71.14044.png", "title": "Dashlane", "type": "sponsored", "url": "http://www.dashlane.com/en/lp/mozilla?utm_source=mozilla&utm_campaign=UK_7"}, {"bgColor": "", "directoryId": 5679, "enhancedImageURI": "https://tiles-cloudfront.cdn.mozilla.net/images/d05aee0b4ba0b420af8cded878ed2d4dfc4eec23.24963.png", "imageURI": "https://tiles-cloudfront.cdn.mozilla.net/images/e6813d56ce59e0de9c758f5cc1282dbdb1a124c1.2570.png", "title": "Firefox for iOS", "type": "affiliate", "url": "https://app.adjust.com/2uo1qc?campaign=tiles&adgroup=directory&creative=general&fallback=https%3A%2F%2Fitunes.apple.com%2Fapp%2Fapple-store%2Fid989804926%3Fpt%3D373246%26ct%3Dadjust_tracker%26mt%3D8I"}, {"bgColor": "", "directoryId": 1946, "enhancedImageURI": "https://tiles-cloudfront.cdn.mozilla.net/images/cc63774b7a9aae02fe36bc5caf90c1e25e66a2bc.13791.png", "imageURI": "https://tiles-cloudfront.cdn.mozilla.net/images/e822cd4628c5162313f49f5d4556f8aafdf38750.11513.png", "title": "Mozilla Manifesto", "type": "affiliate", "url": "https://www.mozilla.org/about/manifesto/"}, {"bgColor": "", "directoryId": 6663, "enhancedImageURI": "https://tiles-cloudfront.cdn.mozilla.net/images/066ff4ba92131265fc93dbaa6d4a2b410590e7b7.21605.png", "imageURI": "https://tiles-cloudfront.cdn.mozilla.net/images/8ffaaa22b66ffd59850bf6a88da5aa5355437922.4308.png", "title": "Donate to Mozilla", "type": "affiliate", "url": "https://donate.mozilla.org/?&amount=10&ref=EOYFR2015&utm_campaign=EOYFR2015&utm_source=directory-tiles&utm_medium=tiles&utm_content=dapper_v2"}, {"bgColor": "", "directoryId": 1947, "enhancedImageURI": "https://tiles-cloudfront.cdn.mozilla.net/images/40e5630405d5031ca73393bd7bc0064156f2cc82.10984.png", "imageURI": "https://tiles-cloudfront.cdn.mozilla.net/images/490d42d1f9a76c07739626d1b8a569169aec8fbe.11039.png", "title": "Customize Firefox", "type": "affiliate", "url": "http://fastestfirefox.com/firefox/desktop/customize/"}, {"bgColor": "#fff", "directoryId": 1948, "imageURI": "https://tiles-cloudfront.cdn.mozilla.net/images/8acf9436e1b315f5f04b9435a518bcd1aef131f8.5663.png", "title": "Mozilla Developer Network", "type": "affiliate", "url": "https://developer.mozilla.org/en-US/?utm_source=mozilla&utm_medium=firefox-tile&utm_campaign=default"}, {"bgColor": "", "directoryId": 6632, "enhancedImageURI": "https://tiles-cloudfront.cdn.mozilla.net/images/85b1073bce78e16e7dc2e10beac32df5172417a9.39341.png", "imageURI": "https://tiles-cloudfront.cdn.mozilla.net/images/687ebafe053a192f52e7e31072b0159df3cdc5b3.59849.png", "title": "Mozilla Gear", "type": "affiliate", "url": "https://gear.mozilla.org/?utm_source=directory-tiles&utm_medium=tiles&utm_content=GearV3"}, {"bgColor": "", "directoryId": 1950, "enhancedImageURI": "https://tiles-cloudfront.cdn.mozilla.net/images/d971cbafa0309a201e518acdac4f1ee4dabc7eaa.15109.png", "imageURI": "https://tiles-cloudfront.cdn.mozilla.net/images/b4adc58dd3c02da355104977b910255060cfd6d8.10350.png", "title": "Firefox Sync", "type": "affiliate", "url": "http://mozilla-europe.org/firefox/sync"}, {"bgColor": "", "directoryId": 1878, "enhancedImageURI": "https://tiles-cloudfront.cdn.mozilla.net/images/3b55ee7ef283ddbc2e6c1ea6c8d2530085e6f464.9962.png", "imageURI": "https://tiles-cloudfront.cdn.mozilla.net/images/0b5c390e21a5e3e96a6d809223e2106025463a33.5887.png", "title": "Pocket for Firefox", "type": "affiliate", "url": "https://www.mozilla.org/firefox/pocket/?utm_source=directory-tiles&utm_medium=tiles&utm_term=v1&utm_campaign=desktop"}], "suggested": []}