{"directory": [{"bgColor": "", "directoryId": 8092, "enhancedImageURI": "https://tiles-cloudfront.cdn.mozilla.net/images/e6f3308bd4960c513fd84bc6e770cb0a21d5eca2.25531.png", "imageURI": "https://tiles-cloudfront.cdn.mozilla.net/images/e6f3308bd4960c513fd84bc6e770cb0a21d5eca2.25531.png", "title": "Firefox for Android", "type": "affiliate", "url": "https://www.mozilla.org/firefox/android/?utm_source=directory-tiles&utm_medium=tiles&utm_campaign=desktop&utm_content=android"}, {"bgColor": "", "directoryId": 8175, "enhancedImageURI": "https://tiles-cloudfront.cdn.mozilla.net/images/b18c52ee5445fb37ed466d695f7e018efd0ad58f.95655.png", "imageURI": "https://tiles-cloudfront.cdn.mozilla.net/images/b18c52ee5445fb37ed466d695f7e018efd0ad58f.95655.png", "title": "Mozilla Community", "type": "affiliate", "url": "http://contribute.mozilla.org/"}, {"bgColor": "", "directoryId": 8157, "enhancedImageURI": "https://tiles-cloudfront.cdn.mozilla.net/images/12abda9be001265d0721947e520149fb781562b8.10301.png", "imageURI": "https://tiles-cloudfront.cdn.mozilla.net/images/12abda9be001265d0721947e520149fb781562b8.10301.png", "title": "Mozilla Developer Network", "type": "affiliate", "url": "https://developer.mozilla.org/en-GB/?utm_source=mozilla&utm_medium=firefox-tile&utm_campaign=default"}, {"bgColor": "", "directoryId": 8143, "enhancedImageURI": "https://tiles-cloudfront.cdn.mozilla.net/images/0152ecdf5b18e095d255486b18c3f6a04ba6300e.27260.png", "imageURI": "https://tiles-cloudfront.cdn.mozilla.net/images/0152ecdf5b18e095d255486b18c3f6a04ba6300e.27260.png", "title": "Mozilla Webmaker", "type": "affiliate", "url": "https://webmaker.org/?utm_source=directory-tiles&utm_medium=firefox-browser"}, {"bgColor": "", "directoryId": 8132, "enhancedImageURI": "https://tiles-cloudfront.cdn.mozilla.net/images/af34c0541c6cdff392ec4414cb5949fa7012271d.17141.png", "imageURI": "https://tiles-cloudfront.cdn.mozilla.net/images/af34c0541c6cdff392ec4414cb5949fa7012271d.17141.png", "title": "Firefox Sync", "type": "affiliate", "url": "http://mozilla-europe.org/firefox/sync"}], "suggested": []}