{"directory": [{"bgColor": "", "directoryId": 1944, "enhancedImageURI": "https://tiles-cloudfront.cdn.mozilla.net/images/d11ba0b3095bb19d8092cd29be9cbb9e197671ea.28088.png", "imageURI": "https://tiles-cloudfront.cdn.mozilla.net/images/1332a68badf11e3f7f69bf7364e79c0a7e2753bc.5316.png", "title": "Mozilla Community", "type": "affiliate", "url": "http://contribute.mozilla.org/"}, {"bgColor": "", "directoryId": 1347, "enhancedImageURI": "https://tiles-cloudfront.cdn.mozilla.net/images/9f4b31ffd99b6660fff75a12f179cc1a18bed1f0.21733.png", "imageURI": "https://tiles-cloudfront.cdn.mozilla.net/images/277984a9c8aa11be8bc8e71c740924256132fd8e.21315.png", "title": "Get Firefox for Android", "type": "affiliate", "url": "http://android.www.mozilla.com/firefox/android/?utm_source=directory-tiles&utm_medium=tiles&utm_campaign=sc-2015-fennec&utm_content=phone-in-hand"}, {"bgColor": "", "directoryId": 4483, "enhancedImageURI": "https://tiles-cloudfront.cdn.mozilla.net/images/7c1ce9f8d95875c9ee8d8f130013d225611bb293.30757.png", "imageURI": "https://tiles-cloudfront.cdn.mozilla.net/images/99a1cc8dc3fe28ce07bd95dab911f1912ac0d76b.31327.png", "title": "Booking.com", "type": "sponsored", "url": "http://www.booking.com/index.html?aid=398635;label=softwaremozilla-index-1_lang-en&utm_source=softwaremozilla&utm_medium=tileindex&utm_term=index-1&utm_campaign=gb&utm_content=lang-en"}, {"bgColor": "", "directoryId": 3357, "enhancedImageURI": "https://tiles-cloudfront.cdn.mozilla.net/images/42f99a692f233f0ecdbc54cc1a3277f244cf318b.17140.png", "imageURI": "https://tiles-cloudfront.cdn.mozilla.net/images/adac2c2dffae94d15771d45c5f72084a39b30e8c.10561.png", "title": "Firefox Add-ons", "type": "affiliate", "url": "https://addons.mozilla.org/firefox/?utm_source=directory-tiles&utm_medium=tiles&utm_content=Generaladdons"}, {"bgColor": "", "directoryId": 1946, "enhancedImageURI": "https://tiles-cloudfront.cdn.mozilla.net/images/cc63774b7a9aae02fe36bc5caf90c1e25e66a2bc.13791.png", "imageURI": "https://tiles-cloudfront.cdn.mozilla.net/images/e822cd4628c5162313f49f5d4556f8aafdf38750.11513.png", "title": "Mozilla Manifesto", "type": "affiliate", "url": "https://www.mozilla.org/about/manifesto/"}, {"bgColor": "", "directoryId": 2422, "enhancedImageURI": "https://tiles-cloudfront.cdn.mozilla.net/images/11fffec0dcf2489c5b2755acae7538b367b669b9.47614.png", "imageURI": "https://tiles-cloudfront.cdn.mozilla.net/images/b76a3b2ea70f7a6695411e6e6f15d40834ce4e78.43011.png", "title": "Lightbeam for Firefox", "type": "affiliate", "url": "https://www.mozilla.org/lightbeam?utm_source=directory-tiles&utm_medium=tiles&utm_content=LightbeamV1&utm_campaign=desktop"}, {"bgColor": "", "directoryId": 1947, "enhancedImageURI": "https://tiles-cloudfront.cdn.mozilla.net/images/40e5630405d5031ca73393bd7bc0064156f2cc82.10984.png", "imageURI": "https://tiles-cloudfront.cdn.mozilla.net/images/490d42d1f9a76c07739626d1b8a569169aec8fbe.11039.png", "title": "Customize Firefox", "type": "affiliate", "url": "http://fastestfirefox.com/firefox/desktop/customize/"}, {"bgColor": "#fff", "directoryId": 1948, "imageURI": "https://tiles-cloudfront.cdn.mozilla.net/images/8acf9436e1b315f5f04b9435a518bcd1aef131f8.5663.png", "title": "Mozilla Developer Network", "type": "affiliate", "url": "https://developer.mozilla.org/en-US/?utm_source=mozilla&utm_medium=firefox-tile&utm_campaign=default"}, {"bgColor": "#3fb58e", "directoryId": 1949, "enhancedImageURI": "https://tiles-cloudfront.cdn.mozilla.net/images/720121e7462d8c7863b4dd8fa7b5c1089b5f5fb2.33862.png", "imageURI": "https://tiles-cloudfront.cdn.mozilla.net/images/583de2b339502a7726bc05736a43b18e9c891350.2193.svg", "title": "Mozilla Webmaker", "type": "affiliate", "url": "https://webmaker.org/?utm_source=directory-tiles&utm_medium=firefox-browser"}, {"bgColor": "", "directoryId": 1950, "enhancedImageURI": "https://tiles-cloudfront.cdn.mozilla.net/images/d971cbafa0309a201e518acdac4f1ee4dabc7eaa.15109.png", "imageURI": "https://tiles-cloudfront.cdn.mozilla.net/images/b4adc58dd3c02da355104977b910255060cfd6d8.10350.png", "title": "Firefox Sync", "type": "affiliate", "url": "http://mozilla-europe.org/firefox/sync"}, {"bgColor": "", "directoryId": 1878, "enhancedImageURI": "https://tiles-cloudfront.cdn.mozilla.net/images/3b55ee7ef283ddbc2e6c1ea6c8d2530085e6f464.9962.png", "imageURI": "https://tiles-cloudfront.cdn.mozilla.net/images/0b5c390e21a5e3e96a6d809223e2106025463a33.5887.png", "title": "Pocket for Firefox", "type": "affiliate", "url": "https://www.mozilla.org/firefox/pocket/?utm_source=directory-tiles&utm_medium=tiles&utm_term=v1&utm_campaign=desktop"}], "suggested": []}