{"nextId":4,"logins":[{"id":1,"hostname":"chrome://xnotifier/options","httpRealm":null,"formSubmitURL":"user","usernameField":"","passwordField":"","encryptedUsername":"MDoEEPgAAAAAAAAAAAAAAAAAAAEwFAYIKoZIhvcNAwcECJaqllHNHs7RBBBkf1/krOYPcwKOHxlLPXfk","encryptedPassword":"MDIEEPgAAAAAAAAAAAAAAAAAAAEwFAYIKoZIhvcNAwcECFoL5RhBfqNdBAjAMIzc01Jf9g==","guid":"{e62aacad-e9d1-4622-8ff4-b1c57c81e25a}","encType":1,"timeCreated":1505439073387,"timeLastUsed":1505439073387,"timePasswordChanged":1505439073387,"timesUsed":1},{"id":2,"hostname":"chrome://xnotifier/accounts/app_forums","httpRealm":null,"formSubmitURL":"user","usernameField":"","passwordField":"","encryptedUsername":"MDIEEPgAAAAAAAAAAAAAAAAAAAEwFAYIKoZIhvcNAwcECB5wSm4ogI3yBAj7rjXrFc2jpA==","encryptedPassword":"MDIEEPgAAAAAAAAAAAAAAAAAAAEwFAYIKoZIhvcNAwcECNx6myhQgOh0BAiuHhAmYkoX+A==","guid":"{7f5f3898-37f2-4e6a-b383-64e638baccee}","encType":1,"timeCreated":1505439073521,"timeLastUsed":1505439073521,"timePasswordChanged":1505439073521,"timesUsed":1},{"id":3,"hostname":"chrome://xnotifier/accounts/scripts","httpRealm":null,"formSubmitURL":"user","usernameField":"","passwordField":"","encryptedUsername":"MDIEEPgAAAAAAAAAAAAAAAAAAAEwFAYIKoZIhvcNAwcECG/9cTEyKWe9BAhz0NXLHViAkQ==","encryptedPassword":"MDIEEPgAAAAAAAAAAAAAAAAAAAEwFAYIKoZIhvcNAwcECKd96igbXPmtBAhLjX56oSZwyg==","guid":"{2304b027-7232-4712-ada8-5e2de0a1e63c}","encType":1,"timeCreated":1505439073523,"timeLastUsed":1505439073523,"timePasswordChanged":1505439073523,"timesUsed":1}],"disabledHosts":[],"version":2}