{"[app]/google.xml":{"order":1,"hidden":true,"alias":null},"[app]/yahoo.xml":{"order":2,"hidden":true,"alias":null},"[app]/bing.xml":{"order":3,"hidden":true,"alias":null},"[app]/amazondotcom.xml":{"order":4,"hidden":true,"alias":null},"[app]/ddg.xml":{"order":5,"hidden":true,"alias":null},"[app]/eBay.xml":{"order":6,"hidden":true,"alias":null},"[app]/twitter.xml":{"order":7,"hidden":true,"alias":null},"[app]/wikipedia.xml":{"order":8,"hidden":true,"alias":null},"[profile]/google-im-feeling-lucky.xml":{"order":9,"updateexpir":1429049289277,"updatedatatype":1},"[global]":{"current":"DuckDuckGo (I'm Feeling Ducky)","hash":"is7TwY5Yya+F93mlzxETAZ2gwgnGPsAn9qWyHlVooEk=","searchdefault":"Google","searchdefaulthash":"pfSkZmyqMHP0sazBySjX3QpCYjQC+vfuZaAJO3Ohi+E=","searchdefaultexpir":1457924701726},"[profile]/duckduckgo-im-feeling-ducky.xml":{"order":9,"updateexpir":1429049680691,"updatedatatype":1}}