{"chrome://browser/content/browser.xul":{"main-window":{"width":"994","height":"728","screenX":"4","screenY":"0","sizemode":"maximized"},"navigator-toolbox":{"iconsize":"small"},"titlebar-placeholder-on-menubar-for-caption-buttons":{"width":"106"},"titlebar-placeholder-on-TabsToolbar-for-captions-buttons":{"width":"106"},"addon-bar":{"migratedset":"RTCButton","currentset":"addonbar-closebutton,status-bar"},"nav-bar":{"currentset":"ctraddon_bookmarks-button,bookmarks_backup_restore-menu-button,sync-button,ctraddon_back-forward-button,home-button,urlbar-container,fireshot-Capture-Button,printedit-buttonmenu,downloads-button,pocket-button,QuickJava_ToolbarIcon_Container_Favorites_Item,ctraddon_appbutton,ctraddon_history-button,clearrecenthistory_button-toolbar,xnotifier-toolbar-button,_46551ec9-40f0-4e47-8e18-8e5cf550cfb8_-browser-action"},"sidebar-box":{"src":"chrome://browser/content/bookmarks/bookmarksPanel.xul","width":"168","sidebarcommand":""},"toolbar-menubar":{"currentset":"menubar-items"},"TabsToolbar":{"currentset":"tabbrowser-tabs,new-tab-button,alltabs-button,ctraddon_tabs-closebutton"},"ctraddon_extra-bar":{"currentset":"customizableui-special-spring2"},"PersonalToolbar":{"currentset":"personal-bookmarks,ctraddon_bookmarks-menu-toolbar-button"},"ctraddon_addon-bar":{"currentset":"ctraddon_addonbar-close,customizableui-special-spring1,ctraddon_statusbar","collapsed":"true"},"status4evar-status-bar":{"currentset":"find-button,status4evar-status-widget,status4evar-progress-widget,ublock0_raymondhill_net-browser-action,procon-button,fnvfox_toolbarButton,_bee6eb20-01e0-ebd1-da83-080329fb9a3a_-browser-action,zoompage-item,status4evar-legacy-widget"},"sidebar-title":{"value":""}},"chrome://zoompage/content/zoompage-install.xul":{"zoompage-updateMessage":{"screenX":"359","screenY":"246"}},"chrome://updateaddon/content/settings.xul":{"UpdateAddon":{"lastSelected":"UAPrefs"}},"chrome://bprivacy/content/bprivacyopt.xul":{"bpPrefsWinID":{"lastSelected":"bprivacy-prefpane"}},"chrome://downloadmgr/content/options/dmtOptions.xul":{"downloadmgrOptions":{"lastSelected":"paneDownloads","screenX":"449","screenY":"159"}},"chrome://fastdial/content/preferences.xul":{"fd-dialog-preferences":{"lastSelected":"general","screenX":"494","screenY":"125"}},"chrome://fastdial/content/folder.xul":{"place:folder=BOOKMARKS_MENU&excludeItems=1&excludeQueries=1&excludeReadOnlyFolders=1":{"open":"true"}},"chrome://classic_theme_restorer/content/options.xul":{"ClassicTRoptions":{"lastSelected":"ClassicTRoptionsPane","screenX":"358","screenY":"69"}},"chrome://browser/content/sanitize.xul":{"detailsExpander":{"class":"expander-up"},"itemList":{"collapsed":"false"},"SanitizeDialog":{"screenX":"484","screenY":"290"}},"chrome://fireshot/content/fspreferences.xul":{"fsprefwin":{"lastSelected":"pane_general","screenX":"459","screenY":"51"}},"chrome://flashvideodownload/content/options.xul":{"fnvOptions":{"lastSelected":"about"}},"chrome://last_tab_close_button/content/options.xul":{"last_tab_close_button-preferences":{"lastSelected":"pane1"}},"chrome://rtc/content/rtcOptions.xul":{"rtcPreferences":{"lastSelected":"pane1","screenX":"414","screenY":"64"}},"chrome://spacenext/content/options.xul":{"space-next-prefs":{"lastSelected":"space-next-prefpane"}},"chrome://status4evar/content/prefs.xul":{"status4evar-prefs":{"lastSelected":"status4evar-pane-progress"}},"chrome://tabscope/content/prefs.xul":{"tabscopePrefs":{"lastSelected":"generalPane"}},"chrome://inspector/content/viewers/dom/dom.xul":{"colNodeName":{"ordinal":"1"},"colLocalName":{"ordinal":"3"},"colPrefix":{"ordinal":"5"},"colNamespaceURI":{"ordinal":"7"},"colNodeType":{"ordinal":"9"},"colNodeValue":{"ordinal":"11"},"col@id":{"ordinal":"13"},"col@class":{"ordinal":"15"}},"chrome://inspector/content/viewers/domNode/domNode.xul":{"colNodeName":{"ordinal":"1"},"colLocalName":{"ordinal":"3"},"colPrefix":{"ordinal":"5"},"colNamespaceURI":{"ordinal":"7"},"colNodeValue":{"ordinal":"9"}},"chrome://browser/content/places/places.xul":{"placesContentTags":{"ordinal":"3"},"placesContentUrl":{"ordinal":"5"},"placesContentDate":{"ordinal":"7"},"placesContentVisitCount":{"ordinal":"9"},"placesContentDescription":{"ordinal":"11"},"placesContentDateAdded":{"ordinal":"13"},"placesContentLastModified":{"ordinal":"15"},"places":{"screenX":"10","screenY":"10","width":"700","height":"500","sizemode":"normal"}},"chrome://mozapps/content/downloads/unknownContentType.xul":{"unknownContentType":{"screenX":"472","screenY":"194"}},"about:config":{"prefCol":{"ordinal":"1","sortDirection":"ascending"},"lockCol":{"ordinal":"3"},"typeCol":{"ordinal":"5"},"valueCol":{"ordinal":"7"}},"about:preferences#applications":{"handlersView":{"lastSelectedType":"application/vnd.mozilla.maybe.feed"}},"chrome://browser/content/history/history-panel.xul":{"place:beginTime=1505430000000000&endTime=1505516400000000&sort=1":{"open":"true"}},"chrome://fastdial/content/thumbnail/properties.xul":{"fd-dialog-properties":{"lastSelected":"general"}},"chrome://zoompage/content/zoompage-legacy.xul":{"zoompage-legacyMessage":{"screenX":"391","screenY":"156"}},"chrome://printedit/content/printedit-legacy.xul":{"printedit-legacyMessage":{"screenX":"398","screenY":"156"}},"chrome://inspector/content/inspector.xul":{"winInspectorMain":{"screenX":"208","screenY":"109","width":"640","height":"480","sizemode":"maximized"},"bxDocPanel":{"width":""},"bxObjectPanel":{"width":""}}}