{"chrome://browser/content/browser.xul":{"main-window":{"width":"994","height":"728","screenX":"340","screenY":"0","sizemode":"maximized"},"navigator-toolbox":{"iconsize":"small"},"titlebar-placeholder-on-menubar-for-caption-buttons":{"width":"106"},"titlebar-placeholder-on-TabsToolbar-for-captions-buttons":{"width":"106"},"addon-bar":{"migratedset":"RTCButton,noscript-tbb","currentset":"addonbar-closebutton,status-bar"},"nav-bar":{"currentset":"ctraddon_appbutton,ctraddon_bookmarks-button,bookmarks_backup_restore-menu-button,sync-button,ctraddon_back-forward-button,home-button,urlbar-container,xnotifier-toolbar-button,fireshot-Capture-Button,printedit-buttonmenu,downloads-button,widget:jid0-zXo3XFGyiDalgkeEO4UYJTUwo2I@jetpack-ocp_widget,widget:jid0-A8QtoLSQj4iZh1TnetyglVtcKaY@jetpack-playit-btn,widget:jid0-A8QtoLSQj4iZh1TnetyglVtcKaY@jetpack-playit-frameView-btn,ctraddon_history-button,clearrecenthistory_button-toolbar,QuickJava_ToolbarIcon_Container_Favorites_Item,toggle-button--jid0-zxo3xfgyidalgkeeo4uyjtuwo2ijetpack-ocp_navbar_button"},"toolbar-menubar":{"currentset":"menubar-items"},"TabsToolbar":{"currentset":"tabbrowser-tabs,new-tab-button,alltabs-button,ctraddon_tabs-closebutton"},"ctraddon_extra-bar":{"currentset":"customizableui-special-spring2"},"PersonalToolbar":{"currentset":"personal-bookmarks,ctraddon_bookmarks-menu-toolbar-button"},"status4evar-status-bar":{"currentset":"customizableui-special-spring5,status4evar-legacy-widget","collapsed":"true"},"ctraddon_addon-bar":{"currentset":"ctraddon_addonbar-close,find-button,status4evar-status-widget,customizableui-special-spring1,status4evar-progress-widget,ublock-button,action-button--playitonkodi-mozilla-link,ublock0-button,procon-button,fnvfox_toolbarButton,procon-toolbar-button,zoompage-item"},"scriptish-button-brd":{"showScripts":"false"},"sidebar-box":{"src":"chrome://browser/content/bookmarks/bookmarksPanel.xul","width":"168","sidebarcommand":""},"sidebar-title":{"value":""}},"chrome://updateaddon/content/settings.xul":{"UpdateAddon":{"lastSelected":"UAPrefs"}},"chrome://bprivacy/content/bprivacyopt.xul":{"bpPrefsWinID":{"lastSelected":"bprivacy-prefpane"}},"chrome://classic_theme_restorer/content/options.xul":{"ClassicTRoptions":{"lastSelected":"ClassicTRoptionsPane"}},"chrome://fastdial/content/preferences.xul":{"fd-dialog-preferences":{"lastSelected":"appearance"}},"chrome://downloadmgr/content/options/dmtOptions.xul":{"downloadmgrOptions":{"lastSelected":"paneDownloads"}},"chrome://faviconreloader/content/Options.xul":{"Options":{"lastSelected":"saveoptions"}},"chrome://findbartweak/content/options.xul":{"findbartweak-options-window":{"lastSelected":"tweaksPane"}},"chrome://flashvideodownload/content/options.xul":{"fnvOptions":{"lastSelected":"general"}},"chrome://fastdial/content/thumbnail/properties.xul":{"fd-dialog-properties":{"lastSelected":"general"}},"chrome://last_tab_close_button/content/options.xul":{"last_tab_close_button-preferences":{"lastSelected":"pane1"}},"chrome://procon/content/preferences.xul":{"procon-preferences":{"lastSelected":"whitelistPane","screenX":"448","screenY":"130"}},"chrome://rtc/content/rtcOptions.xul":{"rtcPreferences":{"lastSelected":"pane1","screenX":"414","screenY":"64"}},"chrome://scriptish/content/options.xul":{"scriptish-options-dialog":{"lastSelected":"pane-advanced"}},"chrome://spacenext/content/options.xul":{"space-next-prefs":{"lastSelected":"space-next-prefpane"}},"chrome://status4evar/content/prefs.xul":{"status4evar-prefs":{"lastSelected":"status4evar-pane-advanced"}},"chrome://tabscope/content/prefs.xul":{"tabscopePrefs":{"lastSelected":"advancedPane"}},"chrome://browser/content/sanitize.xul":{"detailsExpander":{"class":"expander-up"},"itemList":{"collapsed":"false"},"SanitizeDialog":{"screenX":"484","screenY":"290"}},"chrome://browser/content/preferences/preferences.xul":{"BrowserPreferences":{"lastSelected":"paneMain","screenX":"347","screenY":"52"}},"chrome://passwordmgr/content/passwordManager.xul":{"SignonViewerDialog":{"screenX":"288","screenY":"155","width":"790","height":"418"}},"about:config":{"prefCol":{"ordinal":"1","sortDirection":"ascending"},"lockCol":{"ordinal":"3"},"typeCol":{"ordinal":"5"},"valueCol":{"ordinal":"7"}},"chrome://browser/content/history/history-panel.xul":{"place:beginTime=1428361200000000&endTime=1428447600000000&sort=1":{"open":"true"}},"chrome://browser/content/devtools/scratchpad.xul":{"main-window":{"screenX":"4","screenY":"4","width":"640","height":"480","sizemode":"maximized"}},"chrome://keyconfig/content/keyconfig.xul":{"name":{"ordinal":"1"},"shortcut":{"ordinal":"3"},"id":{"ordinal":"5"}},"chrome://mozapps/content/downloads/unknownContentType.xul":{"unknownContentType":{"screenX":"8","screenY":"8"}},"chrome://fireshot/content/fspreferences.xul":{"fsprefwin":{"lastSelected":"pane_general","screenX":"448","screenY":"72"}},"chrome://inspector/content/viewers/dom/dom.xul":{"colNodeName":{"ordinal":"1"},"colLocalName":{"ordinal":"3"},"colPrefix":{"ordinal":"5"},"colNamespaceURI":{"ordinal":"7"},"colNodeType":{"ordinal":"9"},"colNodeValue":{"ordinal":"11"},"col@id":{"ordinal":"13"},"col@class":{"ordinal":"15"}},"chrome://inspector/content/viewers/domNode/domNode.xul":{"colNodeName":{"ordinal":"1"},"colLocalName":{"ordinal":"3"},"colPrefix":{"ordinal":"5"},"colNamespaceURI":{"ordinal":"7"},"colNodeValue":{"ordinal":"9"}},"chrome://inspector/content/inspector.xul":{"winInspectorMain":{"screenX":"332","screenY":"161","width":"640","height":"480","sizemode":"maximized"},"bxDocPanel":{"width":""},"bxObjectPanel":{"width":""}},"chrome://greasemonkey/content/options.xul":{"greasemonkey-options-dialog":{"screenX":"323","screenY":"37"}},"chrome://greasemonkey/content/scriptprefs.xul#One%20Click%20Proxy%2FOne%20Click%20Proxy":{"greasemonkey-script-preferences":{"width":"548","height":"474"}},"chrome://browser/content/devtools/webconsole.xul":{"devtools-webconsole":{"screenX":"233","screenY":"189","width":"900","height":"350","sizemode":"normal"}},"chrome://devtools/content/webconsole/webconsole.xul":{"devtools-webconsole":{"screenX":"171","screenY":"98","width":"900","height":"350","sizemode":"normal"}},"chrome://keybinder/content/urlpatterns.xul":{"urlPatternsDialog":{"lastSelected":"urlpane"}},"chrome://global/content/viewSource.xul":{"viewSource":{"screenX":"10","screenY":"10","width":"640","height":"480","sizemode":"maximized"}},"chrome://browser/content/places/bookmarkProperties2.xul":{"bookmarkproperties":{"screenX":"503","screenY":"325","width":"376"}}}