{"overlays_v2":{"key_search":{"disabled":true},"key_search2":{"disabled":true},"key_privatebrowsing":{"disabled":true},"key_newNavigator":{"disabled":true},"key_showAllTabs":{"disabled":true},"key_nextTabGroup":{"disabled":true},"key_prevTabGroup":{"disabled":true},"key_tabview":{"disabled":true},"key_undoCloseTab":{"disabled":true},"key_undoCloseWindow":{"disabled":true},"bookmarkAllTabsKb":{"disabled":true},"viewBookmarksSidebarKb":{"disabled":true},"key_gotoHistory":{"disabled":true},"manBookmarkKb":{"disabled":true},"showAllHistoryKb":{"disabled":true},"viewBookmarksSidebarWinKb":{"disabled":true},"key_devToolbar":{"disabled":true},"key_jsdebugger":{"disabled":true},"key_browserConsole":{"disabled":true},"key_netmonitor":{"disabled":true},"key_responsiveUI":{"disabled":true},"key_devToolboxMenuItemF12":{"disabled":true},"key_webconsole":{"disabled":true},"key_webide":{"disabled":true},"key_browserToolbox":{"disabled":true},"focusChatBar":{"disabled":true},"key_devToolboxMenuItem":{"disabled":true},"ctraddon_key_toggleCtrAddonBar":{"disabled":true},"key_performance":{"disabled":true},"key_styleeditor":{"disabled":true},"key_openAddons":{"disabled":true},"key_sanitize":{"disabled":true},"clearrecenthistory_delete-key":{"disabled":true},"key_viewSource":{"disabled":true}}}